<application>
  <component name="FileTypeManager" version="18">
    <extensionMap>
      <mapping pattern="笔记" type="AUTO_DETECTED" />
      <mapping pattern="data" type="PLAIN_TEXT" />
      <mapping pattern="System类总结" type="PLAIN_TEXT" />
      <mapping pattern="info" type="PLAIN_TEXT" />
      <mapping pattern="final,finally,finalize" type="PLAIN_TEXT" />
      <mapping pattern="123" type="PLAIN_TEXT" />
      <mapping pattern="info2" type="PLAIN_TEXT" />
      <mapping pattern="Maven笔记" type="PLAIN_TEXT" />
      <mapping pattern="Spring笔记" type="PLAIN_TEXT" />
      <mapping pattern="temp2" type="PLAIN_TEXT" />
      <mapping pattern="temp3" type="PLAIN_TEXT" />
      <mapping pattern="file" type="PLAIN_TEXT" />
      <mapping pattern="temp" type="PLAIN_TEXT" />
      <mapping pattern="int_Integer_String 互相转换" type="PLAIN_TEXT" />
      <mapping ext="" type="XML" />
      <removed_mapping ext="apk" approved="true" type="ARCHIVE" />
      <removed_mapping ext="json" approved="true" type="JSON" />
      <removed_mapping ext="psd" approved="true" type="Image" />
      <removed_mapping ext="yaml" approved="true" type="YAML" />
    </extensionMap>
  </component>
</application>