<?xml version="1.0" encoding="UTF-8" ?>
<!DOCTYPE configuration
        PUBLIC "-//mybatis.org//DTD Config 3.0//EN"
        "http://mybatis.org/dtd/mybatis-3-config.dtd">
<configuration>
    <properties resource=""/>
    <settings>
        <setting name="mapUnderscoreToCamelCase" value="true">
    </settings>
    <typeAliases>
        <package name=""/>
    </typeAliases>
    <plugins>
        <plugin interceptor></plugin>
    </plugins>
    <environments default="development">
        <environment id="development">
            <transactionManager type="JDBC"/>
            <dataSource type="POOLED">
                <property name="driver" value="com.mysql.cj.jdbc.Driver"/>
                <property name="url" value="jdbc:mysql://localhost:3306/mytestbase?serverTimezone=UTC"/>
                <property name="username" value="root"/>
                <property name="password" value="Lbw151290007"/>
            </dataSource>
        </environment>
    </environments>
    <mappers>
        <package name=""/>
    </mappers>
</configuration>
